{"cameraMode":{"drawMode":0,"name":"Shaded","section":"Shading Mode"},"sceneLighting":false,"audioPlay":false,"sceneViewState":{"showFog":true,"showMaterialUpdate":false,"showSkybox":true,"showFlares":true,"showImageEffects":true,"showParticleSystems":true},"in2DMode":false,"pivot":{"x":-0.14509999752044679,"y":-0.012000001966953278,"z":0.0},"rotation":{"x":0.19386166334152223,"y":-0.6550893783569336,"z":0.17940498888492585,"w":0.7078767418861389},"size":0.14189818501472474,"orthographic":false}